# schema 1: target_architecture	package	version	archive_architecture	sha256	Debian_Filename
# Existing versions only; archive metadata came from Debian APT-verified signed indexes.
amd64	build-essential	12.12	amd64	a45159aebea0d98d6652ac5a56b7fff164a7733a7dc736b9f8715ca504519d3a	pool/main/b/build-essential/build-essential_12.12_amd64.deb
amd64	gcc	4:14.2.0-1	amd64	eee65c41a441c57c05f754ced1b9d093956966a1c7da9938c3ec00d3dc2f905d	pool/main/g/gcc-defaults/gcc_14.2.0-1_amd64.deb
amd64	g++	4:14.2.0-1	amd64	f86661c021ab2acb39ceb87315e7c2d4d420fdadc19945d5d589f3953410445c	pool/main/g/gcc-defaults/g++_14.2.0-1_amd64.deb
amd64	gcc-14	14.2.0-19	amd64	21500408b5019d8d29f70ce58488e2eea469a1adb4b5fd7db45e819b5efcac4e	pool/main/g/gcc-14/gcc-14_14.2.0-19_amd64.deb
amd64	g++-14	14.2.0-19	amd64	4706ab29eab3d81e93582b45b229fdedc71f1eec3071996a448cf2c8beb83f3a	pool/main/g/gcc-14/g++-14_14.2.0-19_amd64.deb
amd64	python3	3.13.5-1	amd64	c1388174dc7140e6c19a6dd39f8a0dcb38a835cd66c65644e0dded43d5223cb0	pool/main/p/python3-defaults/python3_3.13.5-1_amd64.deb
amd64	python3-venv	3.13.5-1	amd64	744ea5038e645ed22299e1bca47f76169b5665dd640df3492bdd1e21eba6cb76	pool/main/p/python3-defaults/python3-venv_3.13.5-1_amd64.deb
amd64	gcc-14-x86-64-linux-gnu	14.2.0-19	amd64	a17ef039f1ba482051c3efb5c2c24070002e60dd0bd09fd456ec31481a11b725	pool/main/g/gcc-14/gcc-14-x86-64-linux-gnu_14.2.0-19_amd64.deb
amd64	g++-14-x86-64-linux-gnu	14.2.0-19	amd64	c66b009fedd340520279d1af2f91d0668e9f64f0c08fe62179ca1c75e556be58	pool/main/g/gcc-14/g++-14-x86-64-linux-gnu_14.2.0-19_amd64.deb
amd64	python3-minimal	3.13.5-1	amd64	a5d2371bebf3689f676e3f3bae800371bcc4392a8a51269e23d528249b399615	pool/main/p/python3-defaults/python3-minimal_3.13.5-1_amd64.deb
amd64	libpython3-stdlib	3.13.5-1	amd64	7e142ed64a81ccdd39714f213467bd365736ef341adb2be11be981f638b9175f	pool/main/p/python3-defaults/libpython3-stdlib_3.13.5-1_amd64.deb
amd64	python3.13	3.13.5-2+deb13u5	amd64	460c1fd72845516ac3ce9d1686916f3ab2e4c86f8a9746e14d26243a47e2b98d	pool/main/p/python3.13/python3.13_3.13.5-2+deb13u5_amd64.deb
amd64	python3.13-minimal	3.13.5-2+deb13u5	amd64	c1fda9e7b1bf15b2fa75a238d8a8710e142fe14c722fc650c5fc614f078c9073	pool/main/p/python3.13/python3.13-minimal_3.13.5-2+deb13u5_amd64.deb
amd64	python3.13-venv	3.13.5-2+deb13u5	amd64	b079db533ff9d9d11585d06c3b2a5c034d01453a1e915502ffece42fb0ce4a3f	pool/main/p/python3.13/python3.13-venv_3.13.5-2+deb13u5_amd64.deb
amd64	libpython3.13-stdlib	3.13.5-2+deb13u5	amd64	db161322a3481d2c0c3b9a3b9a03c3ab0e2b1718f54b88755fb4a3f939165b84	pool/main/p/python3.13/libpython3.13-stdlib_3.13.5-2+deb13u5_amd64.deb
amd64	libpython3.13-minimal	3.13.5-2+deb13u5	amd64	a4aa6a9a8c77f87bfe545e1d14ec42c001d189ace90e3aa75deec882b39dee49	pool/main/p/python3.13/libpython3.13-minimal_3.13.5-2+deb13u5_amd64.deb
arm64	build-essential	12.12	arm64	3278c93c699f9c12b6f7fe8e03393aa50d1c6b1c4b35da8f15b1c7bae67dc961	pool/main/b/build-essential/build-essential_12.12_arm64.deb
arm64	gcc	4:14.2.0-1	arm64	f543b52e29a6780a78c73cf08e551e8e524d623c1092c477cfd8beb5285a86f5	pool/main/g/gcc-defaults/gcc_14.2.0-1_arm64.deb
arm64	g++	4:14.2.0-1	arm64	e4b8f8fae7c838c40b9db29251b152c9af03a4d4463388d69efdda66c4e97e79	pool/main/g/gcc-defaults/g++_14.2.0-1_arm64.deb
arm64	gcc-14	14.2.0-19	arm64	f4ba77903d7efc3c64c69a8a98c7efa8ea1ae4331521bb74abd76bcc43f1b576	pool/main/g/gcc-14/gcc-14_14.2.0-19_arm64.deb
arm64	g++-14	14.2.0-19	arm64	f4813643994aa96c527e687c9c7d01855aa5fdd86e63cc8bd05c63ecc9373796	pool/main/g/gcc-14/g++-14_14.2.0-19_arm64.deb
arm64	python3	3.13.5-1	arm64	8d5be256bf3bb4f07afce1aa86f0595c6939e1a6c2ea939bdcb7b36351cbe021	pool/main/p/python3-defaults/python3_3.13.5-1_arm64.deb
arm64	python3-venv	3.13.5-1	arm64	08d23753825316cbffb69011c9cda39a6cc4adc4d51ea808c8d68d9981573dda	pool/main/p/python3-defaults/python3-venv_3.13.5-1_arm64.deb
arm64	gcc-14-aarch64-linux-gnu	14.2.0-19	arm64	5ff736a332ba5d60ad463355ed25c8c39da1281acf9155cc2f8a55fc1d478be8	pool/main/g/gcc-14/gcc-14-aarch64-linux-gnu_14.2.0-19_arm64.deb
arm64	g++-14-aarch64-linux-gnu	14.2.0-19	arm64	411dac8f1c1d0293e58deddeb170c641ad82c56d51a95f056ee12ba02c24288b	pool/main/g/gcc-14/g++-14-aarch64-linux-gnu_14.2.0-19_arm64.deb
arm64	python3-minimal	3.13.5-1	arm64	b1dff61d3e68c83c747b03399356ba707d491bcaf6e495b575d46be3143cdec8	pool/main/p/python3-defaults/python3-minimal_3.13.5-1_arm64.deb
arm64	libpython3-stdlib	3.13.5-1	arm64	0e5b09b3c90f34399a357c32e1be08a3f31b39d3c615464f00354b309f82e732	pool/main/p/python3-defaults/libpython3-stdlib_3.13.5-1_arm64.deb
arm64	python3.13	3.13.5-2+deb13u5	arm64	3d027394c6afd08a2663c3da588824aa9ee0c54e3c2b4382bb9f644584bc99a1	pool/main/p/python3.13/python3.13_3.13.5-2+deb13u5_arm64.deb
arm64	python3.13-minimal	3.13.5-2+deb13u5	arm64	95237a3ad99bf9366308e16f7c79449c9371c4cff9c883772fb7c254652467eb	pool/main/p/python3.13/python3.13-minimal_3.13.5-2+deb13u5_arm64.deb
arm64	python3.13-venv	3.13.5-2+deb13u5	arm64	bc37518ea1eb198d635be16ba234239263b66daf823f3a5cb02316805b88beba	pool/main/p/python3.13/python3.13-venv_3.13.5-2+deb13u5_arm64.deb
arm64	libpython3.13-stdlib	3.13.5-2+deb13u5	arm64	d1178d24e4d143cc6c577d9dc0f26dd982efccc2e600d25ce86361f168a22be0	pool/main/p/python3.13/libpython3.13-stdlib_3.13.5-2+deb13u5_arm64.deb
arm64	libpython3.13-minimal	3.13.5-2+deb13u5	arm64	3655ef258b19142cf6fe38ef89731d5c630b2cf3309632494a720b28c1cfcd85	pool/main/p/python3.13/libpython3.13-minimal_3.13.5-2+deb13u5_arm64.deb
